{"Fid":"flaXc5LCSXqpkv1MP06SnF","Status":3,"AuthToken":"eyJhbGciOiJFUzI1NiIsInR5cCI6IkpXVCJ9.eyJhcHBJZCI6IjE6MzU0ODAwNjQ1MzI5OmFuZHJvaWQ6NGM2NjY0NGY4NDc1MTUwYiIsImV4cCI6MTc1NTg4MjIxNSwiZmlkIjoiZmxhWGM1TENTWHFwa3YxTVAwNlNuRiIsInByb2plY3ROdW1iZXIiOjM1NDgwMDY0NTMyOX0.AB2LPV8wRQIhAI2UFhl4dw05rlhULVuy-U6QopmpjEYFMkWQZpLAAIDgAiAi6HPpRwqKYOQ-pzAyRU_FOHp8UO_iTeV7m3R2kim0_g","RefreshToken":"3_AS3qfwLaQz8MYU9fWg_7nNR_3OIqtlza2D8jghwVWDKqhogkmT3xIl4Bp7pbJIKJObv56Jl6nGZmsZ0Jgs_7WSafiO0wFSJW26lultHHmxJguQ","TokenCreationEpochInSecs":1755277415,"ExpiresInSecs":604800}