<?xml version='1.0' encoding='utf-8' standalone='yes' ?>
<map>
    <boolean name="PN_registered_successfully_with_MPRS" value="true" />
    <string name="PN_registration_id">dW6boa_7QLiF9LekOU6t9E:APA91bEBhDIH65fIC72iE9RpjPtl0ZTK9N-iPB6i_L5op91yyM7A-0gAIpGjixNgt8MZMKxcyJ_Lto71OXC0Ggt2nnH6WygmIZ3IvViIjJszSo5VK-pgC48</string>
    <int name="PN_sequence_number_int" value="2" />
    <boolean name="isHdrSupported_Cache" value="false" />
    <boolean name="isUhdSupported_Cache" value="false" />
    <string name="mostRecentlySeenVcrPivot">IN:HOME</string>
    <string name="PN_OS_version">10</string>
    <string name="PN_application_install_id">EU:amazonaiv:3bdf70ba-7070-4d88-813f-213fbf592f8b</string>
    <string name="playbackSupportInfo_Cache">SUPPORTED_HARDWARE</string>
    <boolean name="isDolyDigitalPlusSupported_Cache" value="false" />
    <string name="deviceVideoCodecOverride_Cache">H264;H265</string>
    <boolean name="isHevcSupported_Cache" value="true" />
    <boolean name="isPlaybackSupportCached" value="true" />
    <string name="deviceBitrateAdaptationsOverride_Cache">CBR;CVBR</string>
    <boolean name="isHdSupported_Cache" value="false" />
    <string name="PN_app_version">3.0.334.2357</string>
</map>
