<?xml version='1.0' encoding='utf-8' standalone='yes' ?>
<map>
    <boolean name="PN_registered_successfully_with_MPRS" value="true" />
    <string name="PN_registration_id">f5jXz-i3QEqyhyhxoG7O2z:APA91bHRDp8Y6stvxwGeSZZ0o-U4mgfjg50FEtRHZRVSWC_QzcVFyH7shBtSdBfKPqZ2RBKIwd58upoBkyeYZgl-nzGXEJH-VBWG1KT9LlgjcH9iKyoQvDQ</string>
    <string name="PN_OS_notification_state">ACTIVE</string>
    <int name="PN_sequence_number_int" value="2" />
    <boolean name="isHfrSupported_Cache" value="false" />
    <string name="mostRecentlySeenMarketplaceId">A2MFUE2XK8ZSSY</string>
    <boolean name="isHdrSupported_Cache" value="false" />
    <boolean name="isUhdSupported_Cache" value="false" />
    <string name="mostRecentlySeenVcrPivot">IN:HOME</string>
    <boolean name="EventSync_shouldForceProcess" value="false" />
    <string name="PN_OS_version">10</string>
    <string name="PN_application_install_id">EU:amazonaiv:6020968c-256b-48e0-8047-30814a9c5cb9</string>
    <string name="playbackSupportInfo_Cache">SUPPORTED_HARDWARE</string>
    <boolean name="isDolyDigitalPlusSupported_Cache" value="false" />
    <string name="deviceVideoCodecOverride_Cache">H264;H265</string>
    <boolean name="isHevcSupported_Cache" value="true" />
    <boolean name="isPlaybackSupportCached" value="true" />
    <string name="deviceBitrateAdaptationsOverride_Cache">CBR;CVBR</string>
    <boolean name="isHdSupported_Cache" value="false" />
    <string name="PN_app_version">3.0.383.345</string>
</map>
