{"Fid":"cXdnxUAoTSid1feEpJU-uS","Status":3,"AuthToken":"eyJhbGciOiJFUzI1NiIsInR5cCI6IkpXVCJ9.eyJhcHBJZCI6IjE6MzU0ODAwNjQ1MzI5OmFuZHJvaWQ6NGM2NjY0NGY4NDc1MTUwYiIsImV4cCI6MTc1NTc2OTk3MywiZmlkIjoiY1hkbnhVQW9UU2lkMWZlRXBKVS11UyIsInByb2plY3ROdW1iZXIiOjM1NDgwMDY0NTMyOX0.AB2LPV8wRQIgTMnWZ8hYkJxL2g1qMMh99LJXc-pN7lsu33jD9w0iGy8CIQDYLLNQNDwDn9PpDevJ9WehTaMublcxQG33fJWrD6mBAQ","RefreshToken":"3_AS3qfwLVug8Cuk2gp6uyBUAwMPLXOpqI2NS9W31PekH4SmnwX0gEYWjxCXUWGO5Qe8DjF9XCNeQFg_DVdGl79TV6Dm1Pd17l3mvYNG5-v4uQ9l4","TokenCreationEpochInSecs":1755165173,"ExpiresInSecs":604800}