{"Fid":"dW6boa_7QLiF9LekOU6t9E","Status":3,"AuthToken":"eyJhbGciOiJFUzI1NiIsInR5cCI6IkpXVCJ9.eyJhcHBJZCI6IjE6MzU0ODAwNjQ1MzI5OmFuZHJvaWQ6NGM2NjY0NGY4NDc1MTUwYiIsImV4cCI6MTc1NTc3NTU3MSwiZmlkIjoiZFc2Ym9hXzdRTGlGOUxla09VNnQ5RSIsInByb2plY3ROdW1iZXIiOjM1NDgwMDY0NTMyOX0.AB2LPV8wRQIhAJZOZGw6DtPZCg_T6UfDii6-43XUtjlV1tFa5sq0j45PAiAdogq1YgWZHWlJnKijG6qCz1w7n__84AhHuqSpodmNvw","RefreshToken":"3_AS3qfwKsnkVfKTIJcrKaRaNF3h-fLRXjPhhNiEc2TL8GN_qLAFybfje-OYJFArWnjPrnFJXh6o8QPmzizZf6JPe4z4nbBqJaBv2CTFfo58MiY28","TokenCreationEpochInSecs":1755170771,"ExpiresInSecs":604800}