{"Fid":"d-hEb5iBSLOqqKrghUdUtX","Status":3,"AuthToken":"eyJhbGciOiJFUzI1NiIsInR5cCI6IkpXVCJ9.eyJhcHBJZCI6IjE6MzU0ODAwNjQ1MzI5OmFuZHJvaWQ6NGM2NjY0NGY4NDc1MTUwYiIsImV4cCI6MTc1NTc3MTc2MCwiZmlkIjoiZC1oRWI1aUJTTE9xcUtyZ2hVZFV0WCIsInByb2plY3ROdW1iZXIiOjM1NDgwMDY0NTMyOX0.AB2LPV8wRQIhAI-Yu97CgDUHJeoUVeqTL_e19PAeMm6N4VgfZ6TuzPftAiBBBzsi5wmSZhbzEwz8rCx3nDswpsbJlf93isUkkWYgGg","RefreshToken":"3_AS3qfwJUumI28Pio2rAHB8cdpnzPU_dlvPGN8M-ikK7zUZeBhG-3tVekdqc0ySq1H8tGVE39dk4oKcs_Os6NglTcFP7EO1lAowNIhg7bzy4Q6dM","TokenCreationEpochInSecs":1755166960,"ExpiresInSecs":604800}