<?xml version='1.0' encoding='utf-8' standalone='yes' ?>
<map>
    <boolean name="PN_registered_successfully_with_MPRS" value="true" />
    <string name="PN_registration_id">fWQ1nnPTQHWsTmIPTYEQqu:APA91bEHWR0EGtTEMgvNaQrfS3NFHdzSPY0SQdTn80QE0M_oKHfb-hhqnnMJvIt70aDIEk06RYAsnZj4gg-nmIPaHqx4BHvXJtCVtwfU5c_7R7C3-uxwric</string>
    <int name="PN_sequence_number_int" value="2" />
    <boolean name="isHdrSupported_Cache" value="false" />
    <boolean name="isUhdSupported_Cache" value="false" />
    <string name="mostRecentlySeenVcrPivot">IN:HOME</string>
    <string name="PN_OS_version">10</string>
    <string name="PN_application_install_id">EU:amazonaiv:da6d8e6d-6c45-4545-921d-ae858a6b92eb</string>
    <string name="playbackSupportInfo_Cache">SUPPORTED_HARDWARE</string>
    <boolean name="isDolyDigitalPlusSupported_Cache" value="false" />
    <string name="deviceVideoCodecOverride_Cache">H264;H265</string>
    <boolean name="isHevcSupported_Cache" value="true" />
    <boolean name="isPlaybackSupportCached" value="true" />
    <string name="deviceBitrateAdaptationsOverride_Cache">CBR;CVBR</string>
    <boolean name="isHdSupported_Cache" value="false" />
    <string name="PN_app_version">3.0.334.2357</string>
</map>
