{"Fid":"cE1r2ZsNTCSDsUewzvZjix","Status":3,"AuthToken":"eyJhbGciOiJFUzI1NiIsInR5cCI6IkpXVCJ9.eyJhcHBJZCI6IjE6MzU0ODAwNjQ1MzI5OmFuZHJvaWQ6NGM2NjY0NGY4NDc1MTUwYiIsImV4cCI6MTc1NTg2MzE3NywiZmlkIjoiY0UxcjJac05UQ1NEc1Vld3p2WmppeCIsInByb2plY3ROdW1iZXIiOjM1NDgwMDY0NTMyOX0.AB2LPV8wRQIhAKDlPH5bAcGCuUfzxhJqkyRRzeOHlUh238z_wgpb2XPYAiBMibWRu47xTkAJdgcHfy_XlkQ5seQvKxbOa2_Y1AfSew","RefreshToken":"3_AS3qfwK5EYb2-ZUk9_JekFmUKdxyCj2l1fCnCeRRzK0p0TJEED9_2HhsOC8cEd3Rmbjf4jK1HEGJWbxFZ6q7_-Rh9ziv2Sy-0_a1x4rurFURVJc","TokenCreationEpochInSecs":1755258377,"ExpiresInSecs":604800}