<?xml version='1.0' encoding='utf-8' standalone='yes' ?>
<map>
    <boolean name="PN_registered_successfully_with_MPRS" value="true" />
    <string name="PN_registration_id">flaXc5LCSXqpkv1MP06SnF:APA91bHVfpNNPmngl7MTO6QMAWcUcljQDlzBip--RjzbQPJxytg5YQ1KxzXaMxI7cOY5ciZmXOarSJBNGhUDgzrN-s_iaka5APHXbppA9Nhpk-rBMnLAgBA</string>
    <int name="PN_sequence_number_int" value="2" />
    <boolean name="isHdrSupported_Cache" value="false" />
    <boolean name="isUhdSupported_Cache" value="false" />
    <string name="mostRecentlySeenVcrPivot">ROW-FE:AWAY</string>
    <string name="PN_OS_version">10</string>
    <string name="PN_application_install_id">EU:amazonaiv:fcb6a3c1-aa79-456c-b192-dab25f91d16f</string>
    <string name="playbackSupportInfo_Cache">SUPPORTED_HARDWARE</string>
    <boolean name="isDolyDigitalPlusSupported_Cache" value="false" />
    <string name="deviceVideoCodecOverride_Cache">H264;H265</string>
    <boolean name="hasWANSupportBeenDetected" value="true" />
    <boolean name="isHevcSupported_Cache" value="true" />
    <boolean name="isPlaybackSupportCached" value="true" />
    <string name="deviceBitrateAdaptationsOverride_Cache">CBR;CVBR</string>
    <boolean name="isHdSupported_Cache" value="false" />
    <string name="PN_app_version">3.0.334.2357</string>
</map>
