<?xml version='1.0' encoding='utf-8' standalone='yes' ?>
<map>
    <boolean name="PN_registered_successfully_with_MPRS" value="true" />
    <string name="PN_registration_id">cE1r2ZsNTCSDsUewzvZjix:APA91bGxivGl1v3rKGz2sLaKYgWysycBvVGkff0AA2HqCTLPhHJtw9bKc9xhiaL9-igUY4iq_GRv2ns3uCK287qLmnAI9gQoSIlHXCVOnIBEduXySsrl-zs</string>
    <int name="PN_sequence_number_int" value="2" />
    <boolean name="isHdrSupported_Cache" value="false" />
    <boolean name="isUhdSupported_Cache" value="false" />
    <string name="mostRecentlySeenVcrPivot">ROW-FE:AWAY</string>
    <string name="PN_OS_version">10</string>
    <string name="PN_application_install_id">EU:amazonaiv:2e7bd232-4174-47fc-8401-bf2e24c68233</string>
    <string name="playbackSupportInfo_Cache">SUPPORTED_HARDWARE</string>
    <boolean name="isDolyDigitalPlusSupported_Cache" value="false" />
    <string name="deviceVideoCodecOverride_Cache">H264;H265</string>
    <boolean name="isHevcSupported_Cache" value="true" />
    <boolean name="isPlaybackSupportCached" value="true" />
    <string name="deviceBitrateAdaptationsOverride_Cache">CBR;CVBR</string>
    <boolean name="isHdSupported_Cache" value="false" />
    <string name="PN_app_version">3.0.334.2357</string>
</map>
