{"Fid":"fWQ1nnPTQHWsTmIPTYEQqu","Status":3,"AuthToken":"eyJhbGciOiJFUzI1NiIsInR5cCI6IkpXVCJ9.eyJhcHBJZCI6IjE6MzU0ODAwNjQ1MzI5OmFuZHJvaWQ6NGM2NjY0NGY4NDc1MTUwYiIsImV4cCI6MTc1NTg4MjM5OSwiZmlkIjoiZldRMW5uUFRRSFdzVG1JUFRZRVFxdSIsInByb2plY3ROdW1iZXIiOjM1NDgwMDY0NTMyOX0.AB2LPV8wRAIgdM6d2tQozf6WhYUzxAhDX-c4zzR-OnDiL53Hv-ViPDwCIAUO1vip6sS9gPQTg0orT-_4-Y2uadwGb0sE4P6Og0h7","RefreshToken":"3_AS3qfwIcw1wlD3_h3vVd8MjlwM1hKQeQIsClN8vJW7Rav0Ypzn1aRaTbLV_wdGLzoXCEIDSIKTxkLEz_GmFkHKyAx6h5QHWnZPej6Q46FwR684M","TokenCreationEpochInSecs":1755277599,"ExpiresInSecs":604800}